ANALYSIS_DATE,DAILY_FEAR_GREED_SCORE,FEAR_GREED_CATEGORY,TOTAL_ARTICLES,HOURLY_SCORES,PROCESSING_TIMESTAMP
2025-05-02,69,Greed,25,"[
  83,
  64,
  69,
  65,
  64,
  71,
  63,
  61,
  79,
  73,
  78,
  55
]",2025-07-16 16:46:22.759
2025-05-03,60,Neutral,16,"[
  34,
  26,
  73,
  90,
  70,
  74,
  58,
  59,
  56,
  71,
  44
]",2025-07-16 16:46:22.759
2025-05-04,60,Neutral,12,"[
  50,
  63,
  71,
  77,
  48,
  74,
  61,
  53,
  33,
  74
]",2025-07-16 16:46:22.759
2025-05-05,63,Greed,43,"[
  53,
  69,
  69,
  62,
  63,
  61,
  54,
  73,
  62,
  61,
  52,
  53,
  87,
  69,
  24,
  71,
  67,
  64,
  59,
  72,
  71
]",2025-07-16 16:46:22.759
2025-05-06,62,Greed,44,"[
  45,
  46,
  58,
  64,
  37,
  70,
  59,
  77,
  66,
  55,
  66,
  64,
  54,
  69,
  79,
  65,
  71,
  54,
  70,
  71,
  74,
  44
]",2025-07-16 16:46:22.759
2025-05-07,63,Greed,45,"[
  55,
  72,
  68,
  68,
  76,
  15,
  64,
  65,
  67,
  54,
  72,
  79,
  57,
  71,
  69,
  47,
  57,
  52,
  76,
  74,
  65
]",2025-07-16 16:46:22.759
2025-05-08,68,Greed,43,"[
  56,
  72,
  86,
  64,
  73,
  66,
  77,
  72,
  57,
  45,
  69,
  70,
  71,
  63,
  71,
  68,
  69,
  68
]",2025-07-16 16:46:22.759
2025-05-09,65,Greed,40,"[
  70,
  61,
  73,
  46,
  70,
  57,
  63,
  64,
  71,
  50,
  76,
  77,
  60,
  72,
  67,
  79,
  70,
  52,
  51
]",2025-07-16 16:46:22.759
2025-05-10,65,Greed,13,"[
  66,
  59,
  76,
  64,
  74,
  68,
  50,
  72,
  70,
  58,
  61,
  75,
  48
]",2025-07-16 16:46:22.759
2025-05-11,60,Neutral,16,"[
  72,
  63,
  44,
  81,
  71,
  58,
  54,
  66,
  68,
  26,
  70,
  45
]",2025-07-16 16:46:22.759
2025-05-12,68,Greed,43,"[
  66,
  78,
  77,
  72,
  66,
  72,
  69,
  74,
  72,
  82,
  62,
  68,
  29,
  65,
  64,
  49,
  65,
  82,
  86,
  64
]",2025-07-16 16:46:22.759
2025-05-13,67,Greed,40,"[
  63,
  78,
  84,
  79,
  71,
  83,
  77,
  75,
  81,
  52,
  75,
  67,
  54,
  67,
  71,
  55,
  68,
  57,
  39,
  49
]",2025-07-16 16:46:22.759
2025-05-14,65,Greed,44,"[
  67,
  67,
  70,
  69,
  67,
  66,
  39,
  80,
  74,
  55,
  76,
  82,
  46,
  67,
  57,
  71,
  70,
  66,
  58,
  67,
  55,
  52
]",2025-07-16 16:46:22.759
2025-05-15,60,Neutral,65,"[
  73,
  62,
  74,
  64,
  60,
  78,
  80,
  58,
  47,
  72,
  58,
  62,
  72,
  54,
  54,
  38,
  70,
  40,
  45,
  46,
  50
]",2025-07-16 16:46:22.759
2025-05-16,65,Greed,53,"[
  68,
  67,
  75,
  60,
  50,
  45,
  74,
  74,
  75,
  67,
  73,
  54,
  70,
  78,
  46,
  62,
  69,
  68,
  60
]",2025-07-16 16:46:22.759
2025-05-17,66,Greed,14,"[
  61,
  68,
  68,
  40,
  78,
  76,
  70,
  79,
  50,
  64,
  68
]",2025-07-16 16:46:22.759
2025-05-18,64,Greed,162,"[
  63,
  66,
  35,
  76,
  55,
  64,
  69,
  66,
  71,
  65,
  68,
  69,
  60,
  67,
  61,
  66,
  73,
  53
]",2025-07-16 16:46:22.759
2025-05-19,63,Greed,476,"[
  54,
  71,
  63,
  68,
  68,
  52,
  73,
  55,
  63,
  66,
  62,
  65,
  58,
  62,
  66,
  65,
  66,
  67,
  61,
  63,
  63,
  71,
  63,
  57
]",2025-07-16 16:46:22.759
2025-05-20,66,Greed,452,"[
  74,
  70,
  61,
  71,
  50,
  74,
  66,
  64,
  64,
  67,
  63,
  63,
  59,
  66,
  74,
  68,
  54,
  65,
  68,
  67,
  71,
  66,
  67,
  61
]",2025-07-16 16:46:22.759
2025-05-21,67,Greed,487,"[
  70,
  56,
  67,
  68,
  68,
  61,
  64,
  69,
  68,
  69,
  66,
  68,
  67,
  71,
  67,
  67,
  69,
  62,
  70,
  64,
  67,
  70,
  65,
  73
]",2025-07-16 16:46:22.759
2025-05-22,67,Greed,523,"[
  56,
  72,
  67,
  61,
  64,
  79,
  70,
  68,
  67,
  58,
  71,
  71,
  72,
  67,
  71,
  67,
  66,
  75,
  68,
  65,
  62,
  67,
  68,
  64
]",2025-07-16 16:46:22.759
2025-05-23,67,Greed,476,"[
  68,
  66,
  70,
  71,
  69,
  63,
  59,
  72,
  71,
  72,
  71,
  77,
  68,
  69,
  67,
  67,
  60,
  74,
  57,
  69,
  59,
  68,
  71,
  61
]",2025-07-16 16:46:22.759
2025-05-24,66,Greed,283,"[
  71,
  66,
  75,
  49,
  64,
  59,
  70,
  73,
  46,
  59,
  65,
  63,
  72,
  67,
  69,
  69,
  68,
  66,
  65,
  63,
  65,
  82,
  56,
  74
]",2025-07-16 16:46:22.759
2025-05-25,67,Greed,272,"[
  61,
  51,
  68,
  61,
  68,
  74,
  71,
  70,
  66,
  69,
  55,
  60,
  69,
  68,
  65,
  79,
  75,
  61,
  68,
  64,
  51,
  86,
  66,
  74
]",2025-07-16 16:46:22.759
2025-05-26,68,Greed,504,"[
  68,
  62,
  71,
  69,
  70,
  71,
  65,
  61,
  73,
  62,
  78,
  70,
  71,
  73,
  69,
  53,
  73,
  66,
  73,
  63,
  65,
  73,
  62,
  68
]",2025-07-16 16:46:22.759
2025-05-27,65,Greed,556,"[
  64,
  70,
  62,
  66,
  69,
  64,
  68,
  59,
  65,
  60,
  74,
  64,
  69,
  62,
  68,
  63,
  70,
  65,
  76,
  57,
  63,
  61,
  64,
  66
]",2025-07-16 16:46:22.759
2025-05-28,65,Greed,561,"[
  69,
  71,
  64,
  70,
  65,
  65,
  61,
  63,
  63,
  65,
  60,
  69,
  62,
  63,
  69,
  62,
  69,
  66,
  59,
  68,
  65,
  61,
  62,
  68
]",2025-07-16 16:46:22.759
2025-05-29,66,Greed,512,"[
  57,
  67,
  67,
  65,
  69,
  68,
  63,
  70,
  63,
  65,
  66,
  66,
  71,
  68,
  71,
  64,
  66,
  67,
  70,
  66,
  64,
  64,
  67,
  58
]",2025-07-16 16:46:22.759
2025-05-30,62,Greed,491,"[
  56,
  63,
  64,
  45,
  63,
  58,
  64,
  60,
  66,
  64,
  60,
  65,
  64,
  59,
  65,
  65,
  66,
  61,
  62,
  78,
  68,
  63,
  61,
  58
]",2025-07-16 16:46:22.759
2025-05-31,63,Greed,292,"[
  71,
  73,
  62,
  61,
  59,
  51,
  65,
  63,
  66,
  59,
  65,
  65,
  58,
  86,
  56,
  64,
  57,
  67,
  65,
  59,
  62,
  61,
  69,
  53
]",2025-07-16 16:46:22.759
2025-06-01,62,Greed,196,"[
  54,
  64,
  80,
  62,
  64,
  58,
  66,
  73,
  57,
  66,
  59,
  66,
  63,
  53,
  57,
  64,
  56,
  68,
  56,
  61,
  68,
  58,
  55,
  63
]",2025-07-16 16:46:22.759
2025-06-02,62,Greed,467,"[
  65,
  60,
  70,
  58,
  59,
  68,
  67,
  60,
  66,
  67,
  59,
  66,
  67,
  66,
  68,
  54,
  64,
  64,
  65,
  35,
  60,
  73,
  67,
  39
]",2025-07-16 16:46:22.759
2025-06-03,65,Greed,569,"[
  78,
  67,
  58,
  72,
  70,
  68,
  65,
  61,
  68,
  58,
  63,
  62,
  61,
  62,
  63,
  60,
  65,
  64,
  57,
  67,
  65,
  67,
  69,
  66
]",2025-07-16 16:46:22.759
2025-06-04,64,Greed,575,"[
  60,
  54,
  63,
  68,
  72,
  57,
  65,
  63,
  65,
  61,
  66,
  66,
  66,
  60,
  67,
  65,
  59,
  62,
  65,
  64,
  61,
  72,
  68,
  71
]",2025-07-16 16:46:22.759
2025-06-05,63,Greed,532,"[
  72,
  66,
  71,
  55,
  65,
  61,
  64,
  62,
  66,
  61,
  64,
  66,
  62,
  58,
  63,
  61,
  65,
  64,
  58,
  61,
  47,
  64,
  66,
  65
]",2025-07-16 16:46:22.759
2025-06-06,60,Neutral,491,"[
  63,
  50,
  64,
  48,
  68,
  61,
  62,
  65,
  59,
  68,
  63,
  60,
  54,
  60,
  51,
  69,
  57,
  65,
  56,
  69,
  61,
  51,
  65,
  59
]",2025-07-16 16:46:22.759
2025-06-07,64,Greed,274,"[
  61,
  61,
  72,
  68,
  66,
  67,
  67,
  61,
  73,
  50,
  64,
  62,
  73,
  68,
  64,
  66,
  72,
  65,
  45,
  65,
  61,
  70,
  48,
  68
]",2025-07-16 16:46:22.759
2025-06-08,65,Greed,219,"[
  55,
  74,
  63,
  73,
  70,
  72,
  62,
  55,
  63,
  66,
  70,
  60,
  81,
  65,
  53,
  84,
  52,
  64,
  61,
  64,
  58,
  62,
  61,
  62
]",2025-07-16 16:46:22.759
2025-06-09,64,Greed,520,"[
  66,
  71,
  60,
  58,
  66,
  72,
  65,
  64,
  66,
  65,
  68,
  62,
  62,
  61,
  57,
  72,
  61,
  58,
  60,
  65,
  60,
  65,
  68,
  63
]",2025-07-16 16:46:22.759
2025-06-10,67,Greed,488,"[
  73,
  68,
  67,
  67,
  73,
  62,
  80,
  77,
  61,
  72,
  62,
  59,
  52,
  66,
  62,
  65,
  72,
  72,
  71,
  57,
  69,
  73,
  68,
  67
]",2025-07-16 16:46:22.759
2025-06-11,65,Greed,528,"[
  66,
  62,
  64,
  66,
  68,
  65,
  52,
  69,
  65,
  64,
  58,
  62,
  72,
  64,
  65,
  67,
  64,
  59,
  72,
  67,
  66,
  68,
  69,
  67
]",2025-07-16 16:46:22.759
2025-06-12,64,Greed,549,"[
  68,
  68,
  67,
  51,
  58,
  64,
  65,
  64,
  63,
  61,
  68,
  62,
  66,
  68,
  59,
  65,
  59,
  60,
  64,
  67,
  69,
  65,
  67,
  60
]",2025-07-16 16:46:22.759
2025-06-13,60,Neutral,531,"[
  44,
  64,
  63,
  59,
  62,
  58,
  52,
  62,
  52,
  65,
  53,
  59,
  68,
  64,
  55,
  62,
  54,
  69,
  65,
  61,
  52,
  65,
  61,
  60
]",2025-07-16 16:46:22.759
2025-06-14,64,Greed,280,"[
  69,
  68,
  76,
  70,
  60,
  65,
  64,
  63,
  67,
  60,
  53,
  66,
  71,
  56,
  70,
  35,
  66,
  67,
  68,
  62,
  57,
  63,
  68
]",2025-07-16 16:46:22.759
2025-06-15,64,Greed,197,"[
  55,
  64,
  72,
  63,
  67,
  77,
  62,
  68,
  58,
  60,
  61,
  66,
  71,
  62,
  52,
  69,
  53,
  54,
  75,
  63,
  75,
  70,
  67,
  61
]",2025-07-16 16:46:22.759
2025-06-16,68,Greed,522,"[
  72,
  74,
  67,
  70,
  68,
  70,
  63,
  68,
  74,
  61,
  72,
  65,
  61,
  74,
  61,
  69,
  66,
  61,
  71,
  63,
  71,
  74,
  64,
  62
]",2025-07-16 16:46:22.759
2025-06-17,65,Greed,455,"[
  66,
  60,
  61,
  64,
  62,
  71,
  60,
  65,
  68,
  60,
  60,
  66,
  63,
  61,
  61,
  70,
  64,
  57,
  68,
  65,
  74,
  63,
  73,
  66
]",2025-07-16 16:46:22.759
2025-06-18,64,Greed,490,"[
  66,
  67,
  54,
  60,
  61,
  55,
  64,
  69,
  65,
  61,
  67,
  61,
  67,
  67,
  75,
  60,
  67,
  63,
  65,
  70,
  72,
  65,
  62,
  59
]",2025-07-16 16:46:22.759
2025-06-19,64,Greed,435,"[
  67,
  63,
  60,
  67,
  71,
  62,
  66,
  59,
  68,
  69,
  65,
  51,
  59,
  62,
  73,
  65,
  60,
  68,
  56,
  59,
  57,
  69,
  60,
  68
]",2025-07-16 16:46:22.759
2025-06-20,54,Neutral,96,"[
  35,
  84,
  38,
  61,
  61,
  64,
  57,
  41,
  58,
  59,
  63,
  41,
  58,
  41,
  60,
  61,
  49,
  42,
  47,
  53,
  64
]",2025-07-16 16:46:22.759
2025-06-21,66,Greed,290,"[
  69,
  70,
  63,
  73,
  65,
  57,
  57,
  75,
  59,
  73,
  59,
  61,
  66,
  67,
  69,
  62,
  69,
  67,
  66,
  72,
  73,
  65,
  56
]",2025-07-16 16:46:22.759
2025-06-22,58,Neutral,235,"[
  56,
  65,
  57,
  44,
  76,
  54,
  68,
  65,
  53,
  54,
  68,
  37,
  53,
  38,
  59,
  69,
  51,
  50,
  63,
  63,
  48,
  77,
  58,
  68
]",2025-07-16 16:46:22.759
2025-06-23,65,Greed,524,"[
  64,
  53,
  62,
  68,
  66,
  69,
  53,
  67,
  59,
  63,
  65,
  65,
  60,
  76,
  67,
  60,
  61,
  70,
  65,
  68,
  67,
  69,
  68,
  65
]",2025-07-16 16:46:22.759
2025-06-24,67,Greed,491,"[
  44,
  72,
  65,
  71,
  72,
  70,
  74,
  65,
  61,
  63,
  71,
  71,
  66,
  68,
  66,
  67,
  62,
  72,
  71,
  65,
  62,
  67,
  78,
  71
]",2025-07-16 16:46:22.759
2025-06-25,67,Greed,516,"[
  58,
  63,
  69,
  70,
  72,
  69,
  67,
  69,
  67,
  72,
  68,
  66,
  66,
  71,
  68,
  64,
  71,
  66,
  67,
  73,
  51,
  74,
  65,
  62
]",2025-07-16 16:46:22.759
2025-06-26,66,Greed,481,"[
  62,
  70,
  62,
  67,
  70,
  59,
  63,
  77,
  73,
  66,
  73,
  74,
  57,
  62,
  68,
  65,
  68,
  62,
  61,
  73,
  68,
  68,
  60,
  65
]",2025-07-16 16:46:22.759
2025-06-27,65,Greed,456,"[
  66,
  61,
  73,
  51,
  68,
  66,
  65,
  59,
  69,
  66,
  64,
  63,
  71,
  61,
  60,
  64,
  71,
  53,
  71,
  71,
  63,
  73,
  63,
  66
]",2025-07-16 16:46:22.759
2025-06-28,61,Greed,42,"[
  68,
  58,
  49,
  68,
  17,
  69,
  33,
  78,
  83,
  76,
  74,
  56,
  61
]",2025-07-16 16:46:22.759
2025-06-29,61,Greed,111,"[
  70,
  73,
  76,
  64,
  63,
  72,
  12,
  46,
  35,
  69,
  67,
  65,
  71,
  69,
  68,
  55,
  66
]",2025-07-16 16:46:22.759
2025-06-30,66,Greed,492,"[
  76,
  68,
  68,
  61,
  70,
  71,
  68,
  69,
  62,
  71,
  65,
  73,
  37,
  62,
  66,
  65,
  61,
  68,
  69,
  72,
  54,
  61,
  72,
  72
]",2025-07-16 16:46:22.759
2025-07-01,65,Greed,498,"[
  70,
  70,
  68,
  72,
  68,
  66,
  69,
  66,
  61,
  71,
  60,
  64,
  61,
  69,
  58,
  63,
  65,
  62,
  61,
  70,
  64,
  53,
  70,
  67
]",2025-07-16 16:46:22.759
2025-07-02,65,Greed,547,"[
  64,
  71,
  70,
  74,
  65,
  68,
  62,
  66,
  65,
  63,
  62,
  57,
  66,
  60,
  67,
  76,
  64,
  64,
  68,
  69,
  68,
  63,
  58,
  55
]",2025-07-16 16:46:22.759
2025-07-03,65,Greed,456,"[
  68,
  68,
  70,
  62,
  57,
  74,
  69,
  56,
  55,
  64,
  70,
  64,
  67,
  71,
  68,
  72,
  67,
  63,
  59,
  68,
  60,
  61,
  74,
  56
]",2025-07-16 16:46:22.759
2025-07-04,63,Greed,479,"[
  66,
  73,
  68,
  66,
  64,
  59,
  55,
  63,
  66,
  62,
  71,
  66,
  58,
  61,
  57,
  65,
  78,
  73,
  55,
  55,
  65,
  64,
  58,
  51
]",2025-07-16 16:46:22.759
2025-07-05,63,Greed,277,"[
  56,
  67,
  67,
  71,
  69,
  50,
  52,
  57,
  62,
  56,
  59,
  62,
  57,
  55,
  60,
  59,
  79,
  68,
  73,
  56,
  74,
  62,
  64,
  72
]",2025-07-16 16:46:22.759
2025-07-06,62,Greed,201,"[
  64,
  52,
  65,
  71,
  54,
  64,
  66,
  66,
  60,
  65,
  60,
  67,
  58,
  60,
  61,
  67,
  58,
  70,
  83,
  51,
  60,
  66,
  55,
  53
]",2025-07-16 16:46:22.759
2025-07-07,66,Greed,484,"[
  70,
  69,
  59,
  76,
  64,
  69,
  69,
  62,
  62,
  75,
  65,
  62,
  70,
  69,
  60,
  68,
  60,
  49,
  66,
  63,
  69,
  68,
  72,
  59
]",2025-07-16 16:46:22.759
2025-07-08,64,Greed,492,"[
  56,
  61,
  60,
  69,
  65,
  64,
  62,
  71,
  51,
  56,
  69,
  68,
  59,
  65,
  64,
  66,
  67,
  67,
  68,
  59,
  71,
  70,
  65,
  65
]",2025-07-16 16:46:22.759
2025-07-09,65,Greed,472,"[
  68,
  63,
  68,
  59,
  63,
  61,
  62,
  74,
  63,
  61,
  70,
  66,
  68,
  61,
  59,
  63,
  73,
  62,
  70,
  61,
  73,
  68,
  60,
  67
]",2025-07-16 16:46:22.759
2025-07-10,68,Greed,520,"[
  68,
  70,
  72,
  65,
  56,
  71,
  57,
  70,
  69,
  78,
  61,
  72,
  71,
  73,
  67,
  70,
  66,
  63,
  68,
  60,
  73,
  71,
  62,
  69
]",2025-07-16 16:46:22.759
2025-07-11,69,Greed,543,"[
  63,
  65,
  74,
  64,
  66,
  67,
  73,
  68,
  63,
  81,
  65,
  68,
  72,
  72,
  62,
  63,
  64,
  78,
  69,
  70,
  71,
  73,
  73,
  67
]",2025-07-16 16:46:22.759
2025-07-12,66,Greed,289,"[
  68,
  70,
  59,
  69,
  71,
  63,
  48,
  64,
  74,
  69,
  64,
  69,
  70,
  52,
  67,
  65,
  70,
  71,
  76,
  68,
  70,
  72,
  68,
  49
]",2025-07-16 16:46:22.759
2025-07-13,65,Greed,175,"[
  61,
  51,
  58,
  78,
  65,
  57,
  74,
  74,
  58,
  59,
  68,
  71,
  77,
  70,
  60,
  71,
  68,
  65,
  79,
  77,
  51,
  61,
  54,
  62
]",2025-07-16 16:46:22.759
2025-07-14,68,Greed,567,"[
  73,
  67,
  70,
  66,
  58,
  72,
  72,
  68,
  72,
  70,
  72,
  68,
  70,
  81,
  70,
  74,
  60,
  63,
  67,
  55,
  66,
  67,
  70,
  70
]",2025-07-16 16:46:22.759
2025-07-15,65,Greed,554,"[
  66,
  68,
  61,
  68,
  59,
  66,
  48,
  60,
  67,
  63,
  71,
  56,
  73,
  64,
  73,
  66,
  66,
  67,
  69,
  64,
  66,
  66,
  68,
  70
]",2025-07-16 16:46:22.759
2025-07-16,66,Greed,496,"[
  56,
  65,
  60,
  71,
  64,
  71,
  57,
  66,
  72,
  67,
  75,
  72,
  64,
  70,
  84,
  69,
  65,
  59,
  59,
  66,
  69,
  66,
  72,
  73,
  57,
  91,
  47,
  77,
  64,
  55,
  35
]",2025-07-17 17:00:03.333
2025-07-17,64,Greed,413,"[
  40,
  59,
  76,
  67,
  58,
  71,
  69,
  71,
  27,
  62,
  51,
  71,
  67,
  79,
  67,
  64,
  69,
  68,
  43,
  63,
  55,
  58,
  74,
  68,
  72,
  72,
  68,
  70,
  72,
  79
]",2025-07-18 17:00:03.487
2025-07-18,69,Greed,414,"[
  79,
  66,
  70,
  72,
  67,
  70,
  74,
  73,
  71,
  92,
  78,
  68,
  68,
  80,
  67,
  70,
  74,
  33,
  79,
  71,
  25,
  75,
  50,
  70,
  68,
  76,
  72,
  71,
  61,
  65,
  75,
  77,
  71,
  75
]",2025-07-19 13:16:32.386
2025-07-19,71,Greed,216,"[
  69,
  56,
  62,
  72,
  90,
  69,
  63,
  73,
  62,
  83,
  69,
  66,
  61,
  70,
  67,
  70,
  73,
  70,
  73,
  70,
  84,
  72,
  70,
  70,
  73,
  60,
  90,
  69,
  74
]",2025-07-20 14:07:35.677
2025-07-20,67,Greed,152,"[
  75,
  61,
  54,
  78,
  72,
  58,
  70,
  72,
  69,
  71,
  71,
  74,
  67,
  70,
  50,
  53,
  85,
  71,
  70,
  62,
  29,
  70,
  65,
  75,
  80,
  79,
  59
]",2025-07-21 14:35:00.904
2025-07-21,69,Greed,400,"[
  75,
  63,
  70,
  68,
  53,
  83,
  64,
  56,
  73,
  90,
  60,
  73,
  69,
  76,
  86,
  59,
  68,
  73,
  77,
  66,
  71,
  70,
  68,
  76,
  71,
  39,
  60,
  67,
  77,
  65,
  62,
  75
]",2025-07-22 14:35:01.192
2025-07-22,68,Greed,450,"[
  79,
  68,
  72,
  69,
  64,
  68,
  75,
  69,
  67,
  67,
  75,
  73,
  59,
  67,
  69,
  64,
  57,
  66,
  62,
  83,
  71,
  80,
  66,
  63,
  85,
  65,
  70,
  70,
  68,
  21,
  83
]",2025-07-23 14:35:01.328
2025-07-23,69,Greed,416,"[
  61,
  76,
  71,
  64,
  74,
  85,
  66,
  70,
  89,
  68,
  64,
  83,
  72,
  67,
  65,
  76,
  70,
  76,
  69,
  74,
  67,
  69,
  73,
  67,
  81,
  53,
  69,
  73,
  52,
  65,
  59,
  67,
  52
]",2025-07-24 14:35:02.011
2025-07-24,67,Greed,417,"[
  79,
  66,
  62,
  70,
  71,
  57,
  84,
  75,
  68,
  71,
  66,
  73,
  35,
  64,
  76,
  67,
  74,
  70,
  69,
  72,
  57,
  65,
  77,
  75,
  70,
  67,
  51,
  66,
  58,
  68,
  70,
  36,
  60,
  73,
  86
]",2025-07-25 14:35:01.155
2025-07-25,67,Greed,445,"[
  77,
  53,
  61,
  60,
  67,
  68,
  63,
  71,
  63,
  67,
  66,
  66,
  66,
  79,
  62,
  55,
  69,
  68,
  64,
  68,
  68,
  74,
  66,
  91,
  67,
  64,
  74,
  66,
  62,
  68,
  62
]",2025-07-26 14:35:01.012
2025-07-26,69,Greed,225,"[
  67,
  67,
  63,
  75,
  71,
  63,
  58,
  68,
  65,
  77,
  71,
  68,
  76,
  84,
  71,
  68,
  71,
  81,
  64,
  69,
  32,
  69,
  66,
  75,
  77
]",2025-07-27 14:35:01.144
2025-07-27,67,Greed,164,"[
  66,
  85,
  80,
  76,
  71,
  65,
  68,
  66,
  43,
  76,
  66,
  62,
  69,
  61,
  71,
  89,
  61,
  68,
  72,
  65,
  44,
  65,
  73,
  60,
  57,
  68,
  70
]",2025-07-28 14:35:00.860
2025-07-28,65,Greed,441,"[
  72,
  65,
  58,
  73,
  65,
  66,
  70,
  65,
  80,
  68,
  70,
  72,
  69,
  66,
  70,
  66,
  68,
  79,
  46,
  72,
  36,
  69,
  62,
  68,
  38,
  63,
  66,
  72,
  70,
  46
]",2025-07-29 14:35:01.284
2025-07-29,69,Greed,478,"[
  76,
  71,
  87,
  61,
  69,
  69,
  62,
  72,
  67,
  67,
  71,
  91,
  74,
  71,
  82,
  70,
  69,
  67,
  62,
  67,
  49,
  63,
  71,
  49,
  74,
  71,
  66,
  67,
  65,
  73,
  65,
  74,
  81
]",2025-07-30 14:35:01.809
2025-07-30,67,Greed,470,"[
  63,
  57,
  86,
  60,
  70,
  68,
  65,
  80,
  67,
  72,
  69,
  62,
  68,
  53,
  65,
  65,
  65,
  63,
  68,
  65,
  66,
  60,
  72,
  75,
  80,
  67,
  59,
  70,
  70,
  54
]",2025-07-31 14:35:05.823
2025-07-31,71,Greed,368,"[
  66,
  70,
  63,
  66,
  78,
  70,
  79,
  82,
  74,
  72,
  70,
  73,
  67,
  61,
  75,
  75,
  39,
  77,
  74,
  66,
  82,
  70,
  76,
  69,
  69,
  70,
  76,
  74,
  68
]",2025-08-01 14:35:01.103
2025-08-01,68,Greed,418,"[
  66,
  68,
  48,
  65,
  44,
  62,
  81,
  64,
  68,
  65,
  63,
  64,
  63,
  69,
  72,
  71,
  54,
  78,
  71,
  63,
  74,
  70,
  80,
  89,
  86,
  65,
  63,
  64,
  73,
  71
]",2025-08-02 14:35:01.050
2025-08-02,68,Greed,253,"[
  71,
  66,
  89,
  60,
  75,
  83,
  79,
  65,
  59,
  85,
  62,
  69,
  62,
  32,
  89,
  64,
  73,
  74,
  68,
  75,
  62,
  77,
  65,
  67,
  56,
  68,
  69,
  72,
  51,
  71,
  64,
  53,
  66
]",2025-08-03 14:35:01.041
2025-08-03,66,Greed,210,"[
  63,
  63,
  67,
  63,
  65,
  69,
  66,
  62,
  53,
  75,
  62,
  60,
  73,
  65,
  67,
  50,
  63,
  77,
  90,
  71,
  65,
  66,
  66,
  55,
  63,
  79,
  60,
  70,
  66
]",2025-08-04 14:35:00.845
2025-08-04,68,Greed,397,"[
  74,
  68,
  79,
  61,
  65,
  76,
  67,
  82,
  67,
  70,
  67,
  73,
  62,
  67,
  67,
  65,
  25,
  72,
  48,
  68,
  74,
  67,
  74,
  79,
  79,
  64,
  64,
  82,
  65,
  71,
  53,
  65,
  77
]",2025-08-05 14:35:00.868
2025-08-05,69,Greed,372,"[
  72,
  62,
  72,
  72,
  60,
  87,
  71,
  73,
  68,
  91,
  79,
  71,
  64,
  69,
  25,
  65,
  74,
  68,
  79,
  69,
  51,
  75,
  75,
  54,
  70,
  79,
  63,
  73,
  65,
  75,
  75,
  67,
  70
]",2025-08-06 14:35:01.046
2025-08-06,69,Greed,369,"[
  66,
  67,
  75,
  73,
  69,
  71,
  73,
  66,
  76,
  71,
  73,
  58,
  38,
  88,
  67,
  77,
  70,
  68,
  71,
  83,
  71,
  64,
  70,
  76,
  57,
  65,
  72,
  62,
  67,
  73,
  73,
  65,
  62
]",2025-08-07 14:35:01.120
2025-08-07,69,Greed,341,"[
  60,
  68,
  69,
  70,
  61,
  80,
  66,
  80,
  72,
  63,
  67,
  75,
  77,
  63,
  59,
  56,
  72,
  66,
  71,
  72,
  71,
  72,
  68,
  72,
  67,
  78,
  59,
  63,
  60,
  78
]",2025-08-08 14:35:01.260
2025-08-08,68,Greed,274,"[
  53,
  59,
  71,
  60,
  56,
  60,
  79,
  59,
  68,
  67,
  66,
  71,
  74,
  64,
  70,
  71,
  94,
  71,
  59,
  79,
  71,
  74,
  72,
  69,
  76,
  66,
  50,
  68,
  63,
  65
]",2025-08-09 14:35:00.909
2025-08-09,68,Greed,165,"[
  76,
  81,
  55,
  73,
  58,
  74,
  39,
  74,
  65,
  60,
  72,
  63,
  81,
  60,
  79,
  72,
  68,
  40,
  59,
  77,
  72,
  59,
  61,
  69,
  90,
  92,
  47,
  81
]",2025-08-10 14:35:00.935
2025-08-10,70,Greed,144,"[
  52,
  72,
  56,
  91,
  82,
  77,
  77,
  78,
  64,
  66,
  68,
  78,
  75,
  70,
  85,
  82,
  73,
  77,
  66,
  61,
  62,
  71,
  26,
  74,
  63,
  75,
  64,
  77,
  74,
  61
]",2025-08-11 14:35:01.990
2025-08-11,69,Greed,396,"[
  62,
  60,
  61,
  74,
  77,
  93,
  68,
  70,
  71,
  70,
  56,
  68,
  67,
  61,
  74,
  71,
  66,
  67,
  74,
  70,
  82,
  58,
  73,
  73,
  79,
  69,
  83,
  23,
  75,
  74,
  65,
  75
]",2025-08-12 14:35:01.444
2025-08-12,68,Greed,295,"[
  61,
  68,
  70,
  65,
  67,
  71,
  57,
  61,
  64,
  83,
  59,
  58,
  62,
  62,
  72,
  64,
  78,
  74,
  74,
  65,
  72,
  89,
  60,
  58,
  72,
  66,
  74,
  86,
  64,
  67,
  68,
  52
]",2025-08-13 14:35:02.478
2025-08-13,68,Greed,266,"[
  73,
  88,
  55,
  81,
  82,
  63,
  45,
  66,
  74,
  75,
  69,
  69,
  60,
  70,
  69,
  66,
  66,
  70,
  65,
  54,
  81,
  62,
  71,
  94,
  76,
  70,
  65,
  67,
  75,
  77,
  67,
  66,
  54,
  47,
  37,
  76
]",2025-08-14 14:35:02.094
2025-08-14,68,Greed,280,"[
  51,
  57,
  71,
  69,
  84,
  68,
  52,
  66,
  68,
  67,
  75,
  87,
  90,
  70,
  74,
  68,
  77,
  83,
  86,
  74,
  41,
  57,
  47,
  69,
  91,
  69,
  78,
  66,
  51,
  49,
  64,
  70
]",2025-08-15 14:35:01.440
2025-08-15,63,Greed,285,"[
  70,
  56,
  68,
  29,
  60,
  57,
  62,
  60,
  80,
  67,
  66,
  65,
  72,
  60,
  62,
  70,
  52,
  52,
  67,
  63,
  71,
  71,
  74,
  63,
  75,
  67,
  68,
  63,
  59,
  67,
  24
]",2025-08-16 14:35:01.096
2025-08-16,67,Greed,183,"[
  62,
  63,
  74,
  74,
  67,
  51,
  79,
  69,
  93,
  65,
  73,
  60,
  66,
  63,
  63,
  62,
  65,
  79,
  56,
  67,
  71,
  60,
  68,
  66,
  69,
  68,
  53,
  60
]",2025-08-17 14:35:01.511
2025-08-17,64,Greed,141,"[
  62,
  73,
  62,
  77,
  35,
  60,
  75,
  48,
  81,
  80,
  46,
  55,
  64,
  69,
  51,
  76,
  70,
  59,
  67,
  66,
  54,
  57,
  76,
  81,
  46,
  55,
  92,
  65,
  63,
  78,
  67,
  37
]",2025-08-18 14:35:01.577
2025-08-18,62,Greed,321,"[
  64,
  60,
  59,
  67,
  68,
  65,
  70,
  56,
  62,
  66,
  62,
  34,
  68,
  70,
  61,
  68,
  65,
  67,
  69,
  64,
  73,
  68,
  67,
  61,
  42,
  48,
  60,
  61,
  64
]",2025-08-19 14:35:00.900
2025-08-19,63,Greed,355,"[
  56,
  47,
  62,
  62,
  48,
  65,
  60,
  66,
  64,
  67,
  59,
  64,
  54,
  63,
  59,
  65,
  59,
  65,
  59,
  76,
  70,
  66,
  84,
  58,
  73,
  61,
  67,
  82,
  63,
  60,
  60
]",2025-08-20 14:35:01.338
2025-08-20,59,Neutral,309,"[
  58,
  57,
  65,
  64,
  73,
  53,
  63,
  59,
  28,
  93,
  49,
  47,
  69,
  69,
  61,
  45,
  49,
  75,
  61,
  55,
  59,
  51,
  47,
  63,
  59,
  65,
  53,
  56,
  60,
  64,
  88,
  51,
  58,
  53,
  42,
  54
]",2025-08-21 14:35:01.302
2025-08-21,61,Greed,313,"[
  50,
  50,
  49,
  55,
  50,
  71,
  55,
  56,
  79,
  61,
  76,
  63,
  76,
  81,
  79,
  58,
  58,
  55,
  58,
  74,
  61,
  51,
  77,
  53,
  54,
  58,
  45,
  47,
  65,
  64,
  63,
  64,
  58,
  55,
  56
]",2025-08-22 14:35:01.779
2025-08-22,61,Greed,315,"[
  64,
  76,
  27,
  56,
  60,
  56,
  80,
  64,
  47,
  56,
  64,
  69,
  53,
  70,
  61,
  72,
  67,
  65,
  25,
  48,
  67,
  56,
  71,
  61,
  59,
  60,
  58,
  69,
  76,
  49,
  61,
  67,
  75
]",2025-08-23 14:35:00.894
2025-08-23,66,Greed,178,"[
  57,
  72,
  68,
  58,
  56,
  71,
  62,
  60,
  58,
  67,
  80,
  69,
  58,
  72,
  68,
  61,
  89,
  73,
  54,
  63,
  67,
  61,
  58,
  65,
  61,
  81,
  72
]",2025-08-24 14:35:01.135
2025-08-24,60,Neutral,169,"[
  75,
  76,
  72,
  69,
  36,
  73,
  60,
  63,
  67,
  51,
  57,
  59,
  90,
  58,
  64,
  55,
  45,
  42,
  64,
  77,
  56,
  59,
  74,
  66,
  16,
  54,
  56,
  71,
  36,
  65
]",2025-08-25 14:35:01.005
2025-08-25,60,Neutral,381,"[
  58,
  52,
  60,
  38,
  63,
  63,
  58,
  61,
  26,
  63,
  64,
  53,
  58,
  60,
  66,
  50,
  53,
  55,
  63,
  59,
  87,
  42,
  59,
  76,
  65,
  54,
  82,
  64,
  49,
  92,
  62,
  63,
  52,
  58
]",2025-08-26 14:35:00.781
2025-08-26,61,Greed,320,"[
  54,
  64,
  62,
  60,
  73,
  57,
  63,
  60,
  61,
  62,
  60,
  57,
  62,
  60,
  23,
  72,
  55,
  70,
  64,
  61,
  52,
  59,
  66,
  61,
  57,
  86,
  57,
  56,
  78,
  72,
  45,
  58,
  72
]",2025-08-27 14:35:01.528
2025-08-27,62,Greed,309,"[
  56,
  56,
  62,
  46,
  66,
  72,
  49,
  68,
  85,
  63,
  64,
  61,
  64,
  65,
  62,
  60,
  46,
  59,
  56,
  64,
  59,
  73,
  57,
  57,
  61,
  71,
  70,
  90,
  60,
  19,
  68,
  73,
  59,
  69,
  71
]",2025-08-28 14:35:01.076
2025-08-28,62,Greed,303,"[
  55,
  64,
  72,
  76,
  67,
  61,
  60,
  74,
  68,
  73,
  70,
  69,
  64,
  72,
  47,
  70,
  65,
  66,
  62,
  62,
  57,
  56,
  64,
  43,
  60,
  60,
  57,
  65,
  57,
  36,
  64
]",2025-08-29 14:35:01.037
2025-08-29,64,Greed,334,"[
  54,
  59,
  59,
  53,
  62,
  55,
  69,
  65,
  77,
  66,
  67,
  57,
  61,
  68,
  66,
  64,
  57,
  74,
  64,
  66,
  76,
  69,
  70,
  66,
  63,
  63,
  60,
  65,
  68
]",2025-08-30 14:35:01.755
2025-08-30,59,Neutral,179,"[
  75,
  70,
  66,
  62,
  51,
  49,
  66,
  35,
  66,
  82,
  54,
  59,
  58,
  71,
  56,
  34,
  67,
  59,
  59,
  49,
  75,
  45,
  74,
  58,
  50,
  74,
  33,
  53,
  44,
  57,
  70
]",2025-08-31 14:35:00.770
2025-08-31,60,Neutral,150,"[
  75,
  53,
  76,
  60,
  61,
  63,
  65,
  53,
  64,
  58,
  60,
  51,
  51,
  64,
  61,
  51,
  55,
  46,
  69,
  73,
  63,
  35,
  71,
  69,
  50,
  57,
  62
]",2025-09-01 14:35:01.586
2025-09-01,61,Greed,308,"[
  70,
  62,
  74,
  62,
  74,
  57,
  64,
  70,
  76,
  66,
  68,
  55,
  62,
  71,
  55,
  39,
  65,
  36,
  58,
  60,
  60,
  25,
  59,
  56,
  63,
  67,
  66,
  75,
  48,
  58,
  71
]",2025-09-02 14:35:00.821
2025-09-02,63,Greed,315,"[
  56,
  62,
  68,
  82,
  53,
  62,
  60,
  53,
  53,
  48,
  62,
  60,
  56,
  65,
  69,
  63,
  54,
  52,
  59,
  59,
  69,
  67,
  73,
  51,
  69,
  52,
  69,
  78,
  65,
  61,
  77,
  72,
  67
]",2025-09-03 14:35:01.973
2025-09-03,64,Greed,280,"[
  20,
  65,
  55,
  65,
  69,
  58,
  54,
  89,
  68,
  55,
  49,
  75,
  64,
  68,
  64,
  78,
  64,
  62,
  54,
  75,
  69,
  57,
  65,
  66,
  59,
  87,
  70,
  63,
  72,
  59,
  65,
  69,
  59,
  79
]",2025-09-04 14:35:02.037
2025-09-04,63,Greed,300,"[
  60,
  66,
  63,
  57,
  61,
  68,
  54,
  49,
  59,
  71,
  59,
  59,
  67,
  63,
  57,
  64,
  86,
  61,
  58,
  67,
  65,
  57,
  53,
  64,
  61,
  75,
  72,
  72,
  57,
  72,
  60,
  66,
  52
]",2025-09-05 14:35:01.457
2025-09-05,62,Greed,290,"[
  78,
  57,
  60,
  66,
  29,
  60,
  62,
  61,
  61,
  68,
  76,
  56,
  75,
  67,
  63,
  65,
  62,
  67,
  65,
  80,
  67,
  72,
  42,
  59,
  66,
  55,
  54,
  55,
  62,
  71,
  56,
  61,
  21,
  61,
  64,
  71
]",2025-09-06 14:35:00.989
2025-09-06,62,Greed,131,"[
  48,
  76,
  66,
  50,
  61,
  60,
  74,
  68,
  56,
  61,
  72,
  68,
  77,
  48,
  67,
  67,
  57,
  55,
  74,
  50,
  65,
  52,
  48,
  79,
  67,
  44,
  71,
  66,
  49,
  60
]",2025-09-07 14:35:01.665
2025-09-07,62,Greed,120,"[
  42,
  44,
  69,
  51,
  61,
  64,
  48,
  38,
  67,
  52,
  67,
  92,
  60,
  58,
  66,
  60,
  63,
  58,
  51,
  57,
  65,
  76,
  75,
  70,
  68,
  75,
  70
]",2025-09-08 14:35:02.278
2025-09-08,63,Greed,348,"[
  67,
  63,
  61,
  56,
  58,
  58,
  53,
  67,
  64,
  42,
  66,
  67,
  92,
  64,
  71,
  68,
  67,
  59,
  53,
  45,
  58,
  52,
  59,
  48,
  94,
  68,
  62,
  75,
  57,
  63,
  61,
  71
]",2025-09-09 14:35:00.971
2025-09-09,62,Greed,286,"[
  63,
  64,
  73,
  71,
  61,
  66,
  72,
  72,
  62,
  57,
  66,
  63,
  68,
  57,
  66,
  69,
  59,
  71,
  52,
  63,
  57,
  51,
  41,
  60,
  60,
  66,
  86,
  64,
  45,
  13,
  83,
  56,
  61
]",2025-09-10 14:35:01.034
2025-09-10,64,Greed,253,"[
  62,
  66,
  63,
  73,
  62,
  61,
  55,
  66,
  93,
  41,
  61,
  56,
  63,
  49,
  61,
  65,
  68,
  80,
  45,
  59,
  62,
  70,
  58,
  58,
  62,
  68,
  66,
  54,
  67,
  79,
  68,
  83,
  43,
  85,
  70
]",2025-09-11 14:35:07.845
2025-09-11,59,Neutral,285,"[
  60,
  62,
  29,
  55,
  63,
  61,
  43,
  40,
  59,
  62,
  55,
  72,
  42,
  65,
  45,
  70,
  90,
  69,
  63,
  62,
  53,
  58,
  64,
  57,
  57,
  74,
  57,
  70,
  76,
  48,
  67,
  52
]",2025-09-12 14:35:01.471
2025-09-12,64,Greed,271,"[
  72,
  66,
  62,
  65,
  66,
  68,
  66,
  70,
  67,
  69,
  83,
  73,
  66,
  64,
  48,
  52,
  68,
  51,
  62,
  62,
  67,
  66,
  91,
  59,
  75,
  54,
  60,
  31,
  59,
  64,
  69,
  52
]",2025-09-13 14:35:02.580
2025-09-13,65,Greed,129,"[
  63,
  87,
  37,
  74,
  57,
  49,
  78,
  51,
  66,
  71,
  78,
  66,
  70,
  67,
  71,
  65,
  74,
  63,
  65,
  67,
  59,
  79,
  59,
  62,
  66,
  90,
  51,
  18,
  69
]",2025-09-14 14:35:01.200
